{
    "Random Forest": {
        "accuracy": 0.9513333333333334,
        "precision": 0.9357541899441341,
        "recall": 0.7314410480349345,
        "f1": 0.821078431372549,
        "training_time": 2.3648319244384766
    },
    "Neural Network": {
        "accuracy": 0.9916666666666667,
        "precision": 0.9865168539325843,
        "recall": 0.9585152838427947,
        "f1": 0.9723145071982281,
        "training_time": 18.85489535331726
    }
}